{"options":{"check_for_updates":true,"comment":null,"compatopts_for_requires":true,"compat_wrappedjsobject":false,"compat_metadata":false,"compat_foreach":false,"compat_arrayleft":false,"compat_uW_gmonkey":false,"compat_forvarin":false,"noframes":null,"awareOfChrome":false,"run_at":null,"override":{"use_includes":[],"orig_includes":[],"merge_includes":true,"use_matches":[],"orig_matches":["*://www.zhihu.com/question/*","*://www2.zhihu.com/question/*","*://www.zhihu.com/search*","*://www.zhihu.com/hot","*://www.zhihu.com/follow","*://www.zhihu.com/","*://zhuanlan.zhihu.com/*","*://www.zhihu.com/signin*"],"merge_matches":true,"use_excludes":[],"orig_excludes":[],"merge_excludes":true,"use_connects":[],"merge_connects":true,"use_blockers":[],"orig_run_at":"document-end","orig_noframes":null,"orig_connects":[]}},"settings":{"enabled":true,"position":3},"meta":{"name":"极简知乎","uuid":"9f62a596-3820-4d60-93a8-31a0850e5d0f","modified":1606827458501,"file_url":"https://greasyfork.org/scripts/37823-%E6%9E%81%E7%AE%80%E7%9F%A5%E4%B9%8E/code/%E6%9E%81%E7%AE%80%E7%9F%A5%E4%B9%8E.user.js"}}