{"options":{"awareOfChrome":false,"check_for_updates":true,"comment":null,"compat_arrayleft":false,"compat_foreach":false,"compat_forvarin":false,"compat_metadata":false,"compat_uW_gmonkey":false,"compat_wrappedjsobject":false,"compatopts_for_requires":true,"noframes":null,"override":{"merge_connects":true,"merge_excludes":true,"merge_includes":true,"merge_matches":true,"orig_excludes":[],"orig_includes":["https://translate.google.*/*","http://fanyi.baidu.com/*"],"orig_matches":[],"orig_noframes":null,"orig_run_at":"document-idle","use_blockers":[],"use_connects":[],"use_excludes":[],"use_includes":[],"use_matches":[]},"run_at":null},"settings":{"enabled":false,"position":5},"meta":{"name":"谷歌在线翻译替换%0A为%20","uuid":"48a9fb08-278c-4f68-9a0b-9bc7ac51658c","modified":1542787785780,"file_url":"https://greasyfork.org/scripts/24809-%E8%B0%B7%E6%AD%8C%E5%9C%A8%E7%BA%BF%E7%BF%BB%E8%AF%91%E6%9B%BF%E6%8D%A2-0a%E4%B8%BA-20/code/%E8%B0%B7%E6%AD%8C%E5%9C%A8%E7%BA%BF%E7%BF%BB%E8%AF%91%E6%9B%BF%E6%8D%A2%250A%E4%B8%BA%2520.user.js"}}